environment,final_step,final_mean_eval_return,final_std_eval_return,final_ci95_low,final_ci95_high
Ant-v4,1000000,1765.6211954521532,1228.5890954485217,375.34175529009326,3155.900635614213
