environment,final_step,final_mean_eval_return,final_std_eval_return,final_ci95_low,final_ci95_high
HalfCheetah-v4,1000000,2642.875101837067,1008.1245997206123,1502.0747241473239,3783.6754795268107
