environment,final_step,final_mean_eval_return,final_std_eval_return,final_ci95_low,final_ci95_high
Hopper-v4,1000000,740.2889652893485,46.71347249965379,687.4276948813323,793.1502356973648
