environment,final_step,final_mean_eval_return,final_std_eval_return,final_ci95_low,final_ci95_high
Walker2d-v4,1000000,420.8013700257109,32.06852084499932,384.5124225066589,457.09031754476297
