environment,final_step,final_mean_eval_return,final_std_eval_return,final_ci95_low,final_ci95_high
cheetah-run,1000000,3.7253326107868134,0.08127749001220529,3.63335847254111,3.8173067490325168
