environment,final_step,final_mean_eval_return,final_std_eval_return,final_ci95_low,final_ci95_high
dog-walk,1000000,8.896029436512183,1.1599142889908807,7.583462855620057,10.208596017404309
