environment,final_step,final_mean_eval_return,final_std_eval_return,final_ci95_low,final_ci95_high
walker-walk,1000000,32.84377688540413,0.8202125016853647,31.915619064468277,33.771934706339984
