environment,final_step,final_mean_eval_return,final_std_eval_return,final_ci95_low,final_ci95_high
Ant-v4,1000000,1799.9024723237046,475.1241948850789,1262.2488319655117,2337.5561126818975
