environment,final_step,final_mean_eval_return,final_std_eval_return,final_ci95_low,final_ci95_high
HalfCheetah-v4,1000000,3287.405895045237,1075.8569326165157,2069.959167320123,4504.8526227703505
