environment,final_step,final_mean_eval_return,final_std_eval_return,final_ci95_low,final_ci95_high
Hopper-v4,1000000,477.0036964211095,126.80409966604239,333.5113495110956,620.4960433311235
