environment,final_step,final_mean_eval_return,final_std_eval_return,final_ci95_low,final_ci95_high
Walker2d-v4,1000000,465.44176968535083,32.580945708527224,428.5729588458201,502.3105805248816
