environment,final_step,final_mean_eval_return,final_std_eval_return,final_ci95_low,final_ci95_high
Ant-v4,1000000,1869.2101774860123,331.7387831032473,1493.812405064427,2244.6079499075977
