environment,final_step,final_mean_eval_return,final_std_eval_return,final_ci95_low,final_ci95_high
Hopper-v4,1000000,956.3595348546104,567.7814066017457,313.85438888754106,1598.8646808216797
