environment,final_step,final_mean_eval_return,final_std_eval_return,final_ci95_low,final_ci95_high
Walker2d-v4,1000000,549.7079440748379,133.2108669405859,398.9656574960617,700.4502306536141
