environment,final_step,final_mean_eval_return,final_std_eval_return,final_ci95_low,final_ci95_high
cheetah-run,1000000,88.71377920436599,21.197997664547646,64.72598667486702,112.70157173386497
