environment,final_step,final_mean_eval_return,final_std_eval_return,final_ci95_low,final_ci95_high
dog-walk,1000000,15.348482956680707,0.3304749480864934,14.974515348213904,15.72245056514751
