environment,final_step,final_mean_eval_return,final_std_eval_return,final_ci95_low,final_ci95_high
walker-walk,1000000,202.96207895448833,68.36679322942771,125.59776946419085,280.32638844478583
