environment,final_step,final_mean_eval_return,final_std_eval_return,final_ci95_low,final_ci95_high
cheetah-run,1000000,3.642147187220355,0.3692266047601646,3.2243279511058596,4.05996642333485
