environment,final_step,final_mean_eval_return,final_std_eval_return,final_ci95_low,final_ci95_high
dog-walk,1000000,8.532340887601366,0.9186366720544277,7.492805633001118,9.571876142201614
