environment,final_step,final_mean_eval_return,final_std_eval_return,final_ci95_low,final_ci95_high
walker-walk,1000000,32.208397607989575,1.467076499164293,30.548244265029588,33.86855095094956
