environment,final_step,final_mean_eval_return,final_std_eval_return,final_ci95_low,final_ci95_high
Ant-v4,1000000,1254.165381534238,210.32503104905828,1016.1602034789971,1492.1705595894787
