environment,final_step,final_mean_eval_return,final_std_eval_return,final_ci95_low,final_ci95_high
Hopper-v4,1000000,769.9701663440001,71.01170994309231,689.6128518355305,850.3274808524696
