environment,final_step,final_mean_eval_return,final_std_eval_return,final_ci95_low,final_ci95_high
Walker2d-v4,1000000,921.1636742361676,769.2142282456051,50.715832421670484,1791.6115160506647
