environment,final_step,final_mean_eval_return,final_std_eval_return,final_ci95_low,final_ci95_high
HalfCheetah-v4,1000000,1775.9466564328434,461.94629181185536,1253.205217212544,2298.6880956531427
