step,eval_return_mean,eval_return_std
100,-372.9885616327948,0.0
200,-580.5050665950498,0.0
