environment,final_step,final_mean_eval_return,final_std_eval_return,final_ci95_low,final_ci95_high
cheetah-run,1000000,223.58363703960845,44.70256294550929,172.99792500949872,274.1693490697182
