environment,final_step,final_mean_eval_return,final_std_eval_return,final_ci95_low,final_ci95_high
dog-walk,1000000,19.35593081100269,8.38527984938445,9.867093397588674,28.844768224416704
