environment,final_step,final_mean_eval_return,final_std_eval_return,final_ci95_low,final_ci95_high
walker-walk,1000000,457.61775296877664,108.80158658946746,334.4971673696293,580.738338567924
