environment,final_step,final_mean_eval_return,final_std_eval_return,final_ci95_low,final_ci95_high
cheetah-run,1000000,3.5870920234896224,0.47006063882357557,3.0551683362235544,4.119015710755691
