environment,final_step,final_mean_eval_return,final_std_eval_return,final_ci95_low,final_ci95_high
dog-walk,1000000,8.592098432370078,0.9693708203960352,7.495152084333648,9.689044780406508
