environment,final_step,final_mean_eval_return,final_std_eval_return,final_ci95_low,final_ci95_high
HalfCheetah-v4,1000000,1784.6920089307976,547.9917083741335,1164.5810146575593,2404.803003204036
