environment,final_step,final_mean_eval_return,final_std_eval_return,final_ci95_low,final_ci95_high
Ant-v4,1000000,1674.2257039629478,898.0855919746419,657.9461857304552,2690.50522219544
