environment,final_step,final_mean_eval_return,final_std_eval_return,final_ci95_low,final_ci95_high
HalfCheetah-v4,1000000,2662.4240232665675,2628.608311779262,-312.12630087712796,5636.974347410263
