environment,final_step,final_mean_eval_return,final_std_eval_return,final_ci95_low,final_ci95_high
Hopper-v4,1000000,558.7224941009379,27.321140671280933,527.8057129755198,589.639275226356
