environment,final_step,final_mean_eval_return,final_std_eval_return,final_ci95_low,final_ci95_high
Walker2d-v4,1000000,359.5932224369615,78.10965502583731,271.2038269402286,447.9826179336944
