environment,final_step,final_mean_eval_return,final_std_eval_return,final_ci95_low,final_ci95_high
cheetah-run,1000000,285.89440508053843,41.204651733874066,239.26695221052117,332.5218579505557
