environment,final_step,final_mean_eval_return,final_std_eval_return,final_ci95_low,final_ci95_high
dog-walk,1000000,12.193935028389532,1.516778417848971,10.47753866981114,13.910331386967924
