environment,final_step,final_mean_eval_return,final_std_eval_return,final_ci95_low,final_ci95_high
walker-walk,1000000,370.10382375918107,299.2404124607454,31.48141969339406,708.7262278249681
