environment,final_step,final_mean_eval_return,final_std_eval_return,final_ci95_low,final_ci95_high
Ant-v4,1000000,2466.4173219615654,162.6735921217315,2282.3348232465764,2650.4998206765545
