environment,final_step,final_mean_eval_return,final_std_eval_return,final_ci95_low,final_ci95_high
HalfCheetah-v4,1000000,3216.7991947839946,625.572864871253,2508.8968573989537,3924.7015321690355
