environment,final_step,final_mean_eval_return,final_std_eval_return,final_ci95_low,final_ci95_high
Hopper-v4,1000000,1098.7537551644991,461.33900148987914,576.6995296367036,1620.8079806922947
