environment,final_step,final_mean_eval_return,final_std_eval_return,final_ci95_low,final_ci95_high
Walker2d-v4,1000000,522.0703576326841,75.41122171769206,436.73452688177315,607.4061883835951
