environment,final_step,final_mean_eval_return,final_std_eval_return,final_ci95_low,final_ci95_high
HalfCheetah-v4,1000000,1747.718053672302,391.1785632432409,1305.0578380444974,2190.3782693001067
