environment,final_step,final_mean_eval_return,final_std_eval_return,final_ci95_low,final_ci95_high
finger-spin-v0,1000000,0.3666666666666667,0.40414518843273806,-0.09066666666666667,0.8240000000000001
