environment,final_step,final_mean_eval_return,final_std_eval_return,final_ci95_low,final_ci95_high
finger-spin-v0,1000000,444.76666666666665,20.12220995152703,421.99624253554623,467.5370907977871
