environment,final_step,final_mean_eval_return,final_std_eval_return,final_ci95_low,final_ci95_high
Ant-v4,1000000,1459.3935392145465,246.38655638394346,1180.5809036947162,1738.2061747343769
