environment,final_step,final_mean_eval_return,final_std_eval_return,final_ci95_low,final_ci95_high
Hopper-v4,1000000,1449.2942072853448,1218.7457648721775,70.15354425691544,2828.434870313774
