environment,final_step,final_mean_eval_return,final_std_eval_return,final_ci95_low,final_ci95_high
Walker2d-v4,1000000,656.4014766172155,292.8757648582407,324.9813493243708,987.8216039100603
