environment,final_step,final_mean_eval_return,final_std_eval_return,final_ci95_low,final_ci95_high
cheetah-run,1000000,32.82246588330567,11.205345260293244,20.14242404261538,45.502507723995954
