environment,final_step,final_mean_eval_return,final_std_eval_return,final_ci95_low,final_ci95_high
dog-walk,1000000,101.97467337856375,5.368988302834323,95.89909116840575,108.05025558872175
