environment,final_step,final_mean_eval_return,final_std_eval_return,final_ci95_low,final_ci95_high
walker-walk,1000000,207.05232105477157,142.93616385013527,45.304825010187756,368.7998170993554
