environment,final_step,final_mean_eval_return,final_std_eval_return,final_ci95_low,final_ci95_high
finger-spin-v0,1000000,486.06666666666666,12.657540572059531,471.7433111318146,500.3900222015187
