step,eval_return_mean,eval_return_std
10000,-6.033471264794307,0.7913242387548186
20000,-15.160716638299856,0.7534777977433622
30000,-26.8479061033265,0.8909123316461132
40000,-28.494840447290265,5.058623335732716
50000,-27.762798849497436,0.877202870799788
60000,-26.458854651347043,6.673836097576482
70000,-30.789488585830686,0.856372141988845
80000,-34.800039207865765,7.921916408015303
90000,-20.785679615638916,1.152822742635487
100000,-17.77566421824856,13.833157911586236
