environment,final_step,final_mean_eval_return,final_std_eval_return,final_ci95_low,final_ci95_high
Ant-v4,1000000,1129.3207223435054,426.4469774579737,646.7505389717971,1611.8909057152136
