environment,final_step,final_mean_eval_return,final_std_eval_return,final_ci95_low,final_ci95_high
HalfCheetah-v4,1000000,1319.1456423100408,254.94187686416333,1030.6517502889837,1607.6395343310978
