environment,final_step,final_mean_eval_return,final_std_eval_return,final_ci95_low,final_ci95_high
Hopper-v4,1000000,1186.6938591217488,264.279262382964,887.6337206967903,1485.7539975467073
