environment,final_step,final_mean_eval_return,final_std_eval_return,final_ci95_low,final_ci95_high
Walker2d-v4,1000000,502.87228975105955,252.1312286268456,217.55894562217156,788.1856338799475
