environment,final_step,final_mean_eval_return,final_std_eval_return,final_ci95_low,final_ci95_high
Ant-v4,1000000,1310.3915021788628,490.98686554510374,754.7875601564317,1865.9954442012938
