environment,final_step,final_mean_eval_return,final_std_eval_return,final_ci95_low,final_ci95_high
HalfCheetah-v4,1000000,1673.7645168222625,533.0753637801427,1070.5329554596892,2276.996078184836
