environment,final_step,final_mean_eval_return,final_std_eval_return,final_ci95_low,final_ci95_high
Hopper-v4,1000000,1692.8722952085864,528.4443062768088,1094.8812687465306,2290.863321670642
