environment,final_step,final_mean_eval_return,final_std_eval_return,final_ci95_low,final_ci95_high
Walker2d-v4,1000000,517.6110701891729,132.92164835406726,367.19606525080786,668.026075127538
