environment,final_step,final_mean_eval_return,final_std_eval_return,final_ci95_low,final_ci95_high
Ant-v4,1000000,1007.5308167459556,711.3753960565492,202.53377498602993,1812.5278585058813
