environment,final_step,final_mean_eval_return,final_std_eval_return,final_ci95_low,final_ci95_high
HalfCheetah-v4,1000000,1679.5457632387906,248.15857875429643,1398.7278956375949,1960.3636308399864
