environment,final_step,final_mean_eval_return,final_std_eval_return,final_ci95_low,final_ci95_high
Hopper-v4,1000000,905.8974367114585,472.4976943301894,371.2159615259542,1440.5789118969628
