environment,final_step,final_mean_eval_return,final_std_eval_return,final_ci95_low,final_ci95_high
Walker2d-v4,1000000,1113.2968379323158,872.5211921314492,125.94616143685482,2100.647514427777
