step,eval_return_mean,eval_return_std
10000,1.4,3.8781438859330635
20000,1.7,3.4655446902326914
30000,0.9,2.118962010041709
40000,1.5,3.0083217912982647
50000,1.5,3.0083217912982647
60000,1.5,3.0083217912982647
70000,1.5,3.0083217912982647
80000,1.5,3.0083217912982647
90000,1.7,3.407345007480164
100000,1.5,3.0083217912982647
110000,1.9,3.806573262134856
120000,1.5,3.0083217912982647
