step,eval_return_mean,eval_return_std
10000,212.20186616606097,1.5337620870945374
20000,416.25635029327566,1.9845420260651332
30000,371.0855109171833,0.9124055828171215
40000,432.9172870988923,17.57865903565405
50000,809.4298789482807,293.7335383738764
60000,418.22690191146813,9.230482669238413
70000,377.59667114257843,2.0810208787769975
80000,399.3901928720644,6.487277318502608
90000,382.84929831752777,2.6902212130726637
100000,460.6159284859672,35.64437180523959
