environment,final_step,final_mean_eval_return,final_std_eval_return,final_ci95_low,final_ci95_high
cheetah-run,1000000,186.68755152482672,99.64361582749964,73.93018541959894,299.4449176300545
