environment,final_step,final_mean_eval_return,final_std_eval_return,final_ci95_low,final_ci95_high
dog-walk,1000000,9.563112506296179,1.667764883338159,7.675858877789208,11.450366134803149
