environment,final_step,final_mean_eval_return,final_std_eval_return,final_ci95_low,final_ci95_high
walker-walk,1000000,289.99622826277243,14.855242190838478,273.18593923036735,306.8065172951775
