environment,final_step,final_mean_eval_return,final_std_eval_return,final_ci95_low,final_ci95_high
dog-walk,1000000,34.02485247798626,6.170854767371503,27.041872942285092,41.00783201368742
