environment,final_step,final_mean_eval_return,final_std_eval_return,final_ci95_low,final_ci95_high
walker-walk,1000000,253.10367705418153,41.08353824155386,206.61327700265565,299.5940771057074
