step,eval_return_mean,eval_return_std
10000,190.63072627028595,1.8634192977512396
20000,197.40960189985276,1.5907893888339673
30000,218.67956644767537,1.4216530830269096
40000,207.00861119618398,1.739592663569075
50000,264.22567564941835,1.8154771657582751
60000,254.58103257986468,2.1705848779808345
70000,254.63521004744294,1.3327151643712114
80000,258.66336871420134,1.812821060684994
90000,251.59652164282198,1.4790063250414947
100000,249.6925853233491,2.9094347229931596
