environment,final_step,final_mean_eval_return,final_std_eval_return,final_ci95_low,final_ci95_high
cheetah-run,1000000,134.33899792533595,79.48508394232313,44.39315808844184,224.28483776223004
