environment,final_step,final_mean_eval_return,final_std_eval_return,final_ci95_low,final_ci95_high
dog-walk,1000000,22.954459177398746,9.679414181175352,12.001170906523784,33.90774744827371
