environment,final_step,final_mean_eval_return,final_std_eval_return,final_ci95_low,final_ci95_high
walker-walk,1000000,212.43771139072635,66.17089362721502,137.5582962242726,287.31712655718013
