environment,final_step,final_mean_eval_return,final_std_eval_return,final_ci95_low,final_ci95_high
cheetah-run,1000000,121.81997568501554,89.70970654301156,20.303886170816625,223.33606519921443
