environment,final_step,final_mean_eval_return,final_std_eval_return,final_ci95_low,final_ci95_high
dog-walk,1000000,77.78572980915608,45.765969062920625,25.996660475081512,129.57479914323065
