environment,final_step,final_mean_eval_return,final_std_eval_return,final_ci95_low,final_ci95_high
walker-walk,1000000,281.1468246919471,73.11621004990793,198.4080441252455,363.88560525864864
