environment,final_step,final_mean_eval_return,final_std_eval_return,final_ci95_low,final_ci95_high
Ant-v4,1000000,787.4310382662788,764.6015897138187,-77.79711167613573,1652.6591882086934
