environment,final_step,final_mean_eval_return,final_std_eval_return,final_ci95_low,final_ci95_high
Hopper-v4,1000000,618.1733391838301,265.0244074365249,318.2699897522446,918.0766886154156
