environment,final_step,final_mean_eval_return,final_std_eval_return,final_ci95_low,final_ci95_high
Walker2d-v4,1000000,413.28959032432084,15.393235393218625,395.8705046722917,430.70867597635
