environment,final_step,final_mean_eval_return,final_std_eval_return,final_ci95_low,final_ci95_high
HalfCheetah-v4,1000000,2983.6833700921566,335.44136637265365,2604.0957302738852,3363.271009910428
