environment,final_step,final_mean_eval_return,final_std_eval_return,final_ci95_low,final_ci95_high
finger-spin-v0,1000000,0.26666666666666666,0.46188021535170065,-0.25600000000000006,0.7893333333333334
