environment,final_step,final_mean_eval_return,final_std_eval_return,final_ci95_low,final_ci95_high
Ant-v4,1000000,2283.760528436169,769.0449618322867,1413.5042295998883,3154.0168272724495
