environment,final_step,final_mean_eval_return,final_std_eval_return,final_ci95_low,final_ci95_high
HalfCheetah-v4,1000000,3728.1954911716984,709.0689280767573,2925.8084636334324,4530.5825187099645
