environment,final_step,final_mean_eval_return,final_std_eval_return,final_ci95_low,final_ci95_high
Hopper-v4,1000000,822.9135540787294,158.08122448800043,644.0278085552628,1001.7992996021959
