environment,final_step,final_mean_eval_return,final_std_eval_return,final_ci95_low,final_ci95_high
Walker2d-v4,1000000,448.8722397969496,138.17676028409522,292.51051589523496,605.2339636986642
