environment,final_step,final_mean_eval_return,final_std_eval_return,final_ci95_low,final_ci95_high
cheetah-run,1000000,3.426880068270395,0.5337382896502444,2.822898335665892,4.030861800874898
