environment,final_step,final_mean_eval_return,final_std_eval_return,final_ci95_low,final_ci95_high
dog-walk,1000000,9.00812023218422,1.3969852153596183,7.427282643506286,10.588957820862154
