environment,final_step,final_mean_eval_return,final_std_eval_return,final_ci95_low,final_ci95_high
walker-walk,1000000,32.698483127755345,1.0809442034411287,31.475279611157372,33.92168664435332
